traj_name,rmse,mean,median,std,min,max,sse,num_frames,num_tracked_frames,num_evaluated_frames
00000_KeyFrameTrajectory.txt,125.38957491027,107.33292016395548,106.70878037374816,64.8242990340518,3.467872627638544,246.48583883873772,71396079.09814526,4541,4541,4541
