traj_name,rmse,mean,median,std,min,max,sse,num_frames,num_tracked_frames,num_evaluated_frames
00000_KeyFrameTrajectory.txt,122.81332012918703,105.55236116670476,104.0761862804142,62.78384070194889,3.942803857841439,244.781692071932,68492409.78084111,4541,4541,4541
